"cpa","symbol","kultura_na","ha"
"2565.001",479,"trvalý trávny porast","0.1104"
"2566.000",479,"trvalý trávny porast","0.0433"
"2565.002",479,"trvalý trávny porast","0.0245"
"1169.006",479,"trvalý trávny porast","0.0414"
"1169.001",479,"trvalý trávny porast","1.7556"
"1169.001",479,"orná pôda","0.5814"
"1169.001",479,"orná pôda","0.2754"
"1169.007",479,"trvalý trávny porast","0.0610"
"1169.008",479,"trvalý trávny porast","0.0681"
"1675.003",432,"trvalý trávny porast","0.0024"
"1675.003",432,"trvalý trávny porast","0.0003"
"1675.003",432,"orná pôda","0.0007"
"1675.004",432,"trvalý trávny porast","0.0000"
"1675.005",432,"trvalý trávny porast","0.0023"
"1284.008",479,"orná pôda","0.0042"
"1284.011",479,"trvalý trávny porast","0.1195"
"1284.011",479,"orná pôda","2.2586"
"1284.010",479,"orná pôda","0.0432"
"1284.012",479,"orná pôda","0.0334"
"1284.020",479,"trvalý trávny porast","0.0001"
"1284.017",479,"trvalý trávny porast","0.0098"
"1284.037",479,"orná pôda","0.0001"
"1284.038",479,"orná pôda","0.0057"
"1284.039",479,"orná pôda","0.0051"
"1284.040",479,"orná pôda","0.0046"
"1284.041",479,"orná pôda","0.0063"
"1284.042",479,"orná pôda","0.0073"
"1284.043",479,"orná pôda","0.0041"
"1284.044",479,"orná pôda","0.0001"
"1285.026",42,"orná pôda","0.0001"
"1762.001",238,"trvalý trávny porast","0.2297"
"2315.001",479,"orná pôda","0.0007"
"2315.002",431,"orná pôda","0.0029"
"2158.001",479,"orná pôda","0.0016"
"1720.015",432,"trvalý trávny porast","0.0091"
"1720.014",432,"trvalý trávny porast","0.0075"
"1720.014",432,"trvalý trávny porast","0.0053"
"1720.019",432,"trvalý trávny porast","0.0016"
"1720.013",432,"trvalý trávny porast","0.0028"
"1720.012",432,"trvalý trávny porast","0.0108"
"1720.011",432,"trvalý trávny porast","0.0005"
"1720.009",432,"trvalý trávny porast","0.1195"
"1678.009",432,"trvalý trávny porast","0.0074"
"1678.008",432,"trvalý trávny porast","0.0055"
"1722.009",432,"trvalý trávny porast","0.0005"
"1721.001",432,"trvalý trávny porast","0.0002"
"1722.008",432,"trvalý trávny porast","0.0022"
"1722.006",432,"trvalý trávny porast","0.0000"
"1722.006",432,"trvalý trávny porast","0.0013"
"1722.007",432,"trvalý trávny porast","0.0003"
"1722.005",432,"trvalý trávny porast","0.0354"
"1722.003",432,"trvalý trávny porast","0.0008"
"1722.002",432,"trvalý trávny porast","0.0099"
"1722.004",432,"trvalý trávny porast","0.0061"
"1722.001",432,"trvalý trávny porast","0.0119"
"1721.005",432,"trvalý trávny porast","0.0268"
"1721.005",432,"trvalý trávny porast","0.0116"
"1721.005",432,"trvalý trávny porast","0.0005"
"1721.004",432,"trvalý trávny porast","0.0389"
"1721.004",432,"trvalý trávny porast","0.0077"
"1721.001",432,"trvalý trávny porast","0.0462"
"1721.006",432,"trvalý trávny porast","0.0006"
"1721.003",432,"trvalý trávny porast","0.0205"
"1721.003",432,"trvalý trávny porast","0.0002"
"1174.034",479,"trvalý trávny porast","0.0009"
"1174.033",479,"trvalý trávny porast","0.0006"
"1174.035",479,"trvalý trávny porast","0.0017"
"1174.036",479,"trvalý trávny porast","0.0024"
"1174.037",479,"trvalý trávny porast","0.0027"
"1174.038",479,"trvalý trávny porast","0.0018"
"1174.039",479,"trvalý trávny porast","0.0037"
"1174.040",479,"trvalý trávny porast","0.0025"
"1174.041",479,"trvalý trávny porast","0.0046"
"1174.042",479,"trvalý trávny porast","0.0066"
"1174.043",479,"trvalý trávny porast","0.0036"
"1174.044",479,"trvalý trávny porast","0.0000"
"1174.045",479,"trvalý trávny porast","0.0003"
"1174.001",479,"trvalý trávny porast","0.0009"
"1677.001",432,"trvalý trávny porast","0.0016"
"1677.001",432,"trvalý trávny porast","0.0241"
"1677.002",432,"trvalý trávny porast","0.0022"
"1677.003",432,"trvalý trávny porast","0.0012"
"1677.004",432,"trvalý trávny porast","0.0016"
"1677.005",432,"trvalý trávny porast","0.0016"
"1677.006",432,"trvalý trávny porast","0.0014"
"1677.007",432,"trvalý trávny porast","0.0008"
"1677.008",432,"trvalý trávny porast","0.0014"
"1677.009",432,"trvalý trávny porast","0.0008"
"1677.010",432,"trvalý trávny porast","0.0015"
"1677.011",432,"trvalý trávny porast","0.0015"
"1677.012",432,"trvalý trávny porast","0.0003"
"1612.001",32,"trvalý trávny porast","0.3771"
"1612.001",32,"trvalý trávny porast","0.0372"
"1179.001",32,"trvalý trávny porast","0.1802"
"2398.004",479,"trvalý trávny porast","0.0009"
"1179.001",32,"trvalý trávny porast","0.0617"
"1179.001",32,"trvalý trávny porast","0.0003"
"1288.001",32,"trvalý trávny porast","0.0070"
"1288.001",32,"trvalý trávny porast","0.2272"
"1338.001",42,"trvalý trávny porast","0.0016"
"1387.001",32,"trvalý trávny porast","16.3736"
"1387.001",32,"trvalý trávny porast","0.4784"
"1387.001",32,"trvalý trávny porast","0.5514"
"1387.001",32,"trvalý trávny porast","0.1120"
"1387.001",32,"trvalý trávny porast","0.7822"
"1387.001",32,"trvalý trávny porast","2.5476"
"1387.001",32,"trvalý trávny porast","97.2580"
"1387.001",32,"trvalý trávny porast","0.1926"
"1283.006",32,"trvalý trávny porast","0.0882"
"1284.001",479,"trvalý trávny porast","0.0181"
"1387.001",32,"trvalý trávny porast","7.7638"
"1387.001",32,"trvalý trávny porast","9.8304"
"1387.001",32,"trvalý trávny porast","4.8185"
"1387.001",32,"trvalý trávny porast","1.4505"
"1387.001",32,"trvalý trávny porast","0.5723"
"1387.001",32,"trvalý trávny porast","0.0000"
"1286.001",42,"trvalý trávny porast","0.0569"
"1286.002",42,"trvalý trávny porast","0.0016"
"1387.001",32,"trvalý trávny porast","1.3223"
"1753.004",238,"trvalý trávny porast","0.0003"
"1283.001",32,"trvalý trávny porast","75.7516"
"1283.001",32,"orná pôda","0.1364"
"1290.001",479,"trvalý trávny porast","0.4233"
"2119.000",435,"trvalý trávny porast","0.0015"
"1180.001",32,"trvalý trávny porast","0.0346"
"1180.001",32,"orná pôda","0.0002"
"1180.001",32,"trvalý trávny porast","0.0040"
"1180.001",32,"trvalý trávny porast","0.0005"
"1674.001",432,"trvalý trávny porast","0.0003"
"1674.001",432,"trvalý trávny porast","0.0012"
"1674.001",432,"trvalý trávny porast","0.0008"
"1674.001",432,"trvalý trávny porast","0.0056"
"1674.014",432,"trvalý trávny porast","0.0002"
"1674.015",432,"trvalý trávny porast","0.0000"
"1283.005",32,"trvalý trávny porast","0.0407"
"1191.001",479,"trvalý trávny porast","0.7314"
"1191.001",479,"trvalý trávny porast","0.8798"
"1343.003",32,"trvalý trávny porast","0.6797"
"1344.001",32,"trvalý trávny porast","11.3865"
"1344.017",32,"trvalý trávny porast","0.0000"
"2156.000",479,"orná pôda","0.0293"
"1610.006",32,"trvalý trávny porast","0.1865"
"1610.001",431,"trvalý trávny porast","0.0020"
"1344.004",32,"trvalý trávny porast","0.2086"
"1344.005",32,"trvalý trávny porast","0.1096"
"2007.001",432,"trvalý trávny porast","0.0005"
"1676.001",432,"trvalý trávny porast","0.0021"
"1676.001",432,"trvalý trávny porast","0.0049"
"1182.007",32,"trvalý trávny porast","0.0251"
"1182.008",32,"trvalý trávny porast","0.0288"
"1182.006",32,"trvalý trávny porast","0.0170"
"1182.005",32,"trvalý trávny porast","0.0193"
"1182.004",32,"trvalý trávny porast","0.0311"
"1182.001",32,"trvalý trávny porast","0.2948"
"1381.001",32,"trvalý trávny porast","13.4819"
"1337.001",32,"trvalý trávny porast","1.7996"
"1332.001",479,"trvalý trávny porast","1.6024"
"1332.001",479,"trvalý trávny porast","0.0000"
"2006.000",432,"trvalý trávny porast","0.0265"
"1332.002",479,"trvalý trávny porast","0.1725"
"1332.003",479,"trvalý trávny porast","0.0473"
"1332.016",479,"trvalý trávny porast","0.0223"
"1332.017",479,"trvalý trávny porast","0.0231"
"2285.000",479,"orná pôda","0.0007"
"1244.003",34,"trvalý trávny porast","0.0555"
"1244.001",32,"trvalý trávny porast","23.4600"
"2018.000",432,"orná pôda","0.0049"
"1456.001",34,"trvalý trávny porast","0.5067"
"1434.003",34,"trvalý trávny porast","0.0056"
"2278.001",479,"trvalý trávny porast","0.0600"
"2278.002",479,"trvalý trávny porast","0.0010"
"2012.000",432,"trvalý trávny porast","0.0003"
"2280.003",435,"trvalý trávny porast","0.0007"
"2279.000",479,"trvalý trávny porast","0.0008"
"1767.002",238,"trvalý trávny porast","0.0016"
"1434.001",34,"trvalý trávny porast","0.0009"
"2340.003",42,"orná pôda","0.0000"
"2340.005",42,"orná pôda","0.0010"
"2339.000",479,"orná pôda","0.0900"
"2338.003",435,"orná pôda","0.0050"
"2338.003",435,"orná pôda","0.0013"
"1338.008",42,"trvalý trávny porast","0.0135"
"1092.028",479,"orná pôda","0.0935"
"1593.001",34,"trvalý trávny porast","0.0403"
"1593.001",34,"trvalý trávny porast","0.1097"
"1593.001",34,"trvalý trávny porast","0.1772"
"1593.017",432,"trvalý trávny porast","0.0003"
"1611.003",32,"trvalý trávny porast","0.1018"
"1613.001",431,"trvalý trávny porast","0.0102"
"1613.005",432,"trvalý trávny porast","0.0003"
"1614.001",32,"trvalý trávny porast","1.3196"
"2159.000",479,"orná pôda","0.0733"
"1614.002",432,"trvalý trávny porast","0.0155"
"1614.003",432,"trvalý trávny porast","0.0020"
"1622.001",432,"trvalý trávny porast","0.0004"
"1219.001",32,"trvalý trávny porast","1.4040"
"1219.001",32,"trvalý trávny porast","0.7764"
"1219.001",32,"trvalý trávny porast","0.3224"
"1188.013",32,"trvalý trávny porast","0.2728"
"2160.000",479,"orná pôda","0.0817"
"1152.001",32,"trvalý trávny porast","1.0538"
"1152.001",32,"trvalý trávny porast","0.8063"
"1152.001",32,"trvalý trávny porast","0.3658"
"1152.001",32,"trvalý trávny porast","0.7591"
"1334.026",32,"trvalý trávny porast","0.0436"
"1092.035",479,"orná pôda","0.0185"
"2008.000",432,"trvalý trávny porast","0.0054"
"2008.000",432,"orná pôda","0.0134"
"2313.001",479,"orná pôda","0.0003"
"2313.002",42,"orná pôda","0.0001"
"1188.010",42,"trvalý trávny porast","0.0010"
"2157.000",479,"orná pôda","0.0862"
"1188.011",32,"trvalý trávny porast","0.0214"
"1188.002",32,"trvalý trávny porast","0.6176"
"1188.001",32,"trvalý trávny porast","0.2953"
"1188.014",45,"trvalý trávny porast","0.0001"
"2003.000",432,"trvalý trávny porast","0.0109"
"2004.000",432,"orná pôda","0.0071"
"2004.000",432,"orná pôda","0.0073"
"2013.000",432,"orná pôda","0.0000"
"2016.000",432,"trvalý trávny porast","0.0009"
"2016.000",432,"orná pôda","0.0078"
"2016.000",432,"orná pôda","0.0013"
"2120.000",479,"trvalý trávny porast","0.0957"
"2121.000",479,"trvalý trávny porast","0.0003"
"2140.000",479,"trvalý trávny porast","0.0679"
"2141.000",479,"trvalý trávny porast","0.0144"
"2281.000",479,"trvalý trávny porast","0.0934"
"2286.000",479,"orná pôda","0.0578"
"2287.000",479,"orná pôda","0.0804"
"2288.000",479,"orná pôda","0.0743"
"2295.000",479,"orná pôda","0.0657"
"2297.000",479,"orná pôda","0.0685"
"2298.000",479,"orná pôda","0.0589"
"2312.000",479,"orná pôda","0.0878"
"2314.000",479,"orná pôda","0.0759"
"2335.000",479,"orná pôda","0.0905"
"2336.000",479,"orná pôda","0.0832"
"2337.000",479,"orná pôda","0.0988"
"2399.000",479,"trvalý trávny porast","0.1250"
"2416.000",479,"trvalý trávny porast","0.0486"
"2417.000",479,"trvalý trávny porast","0.0701"
"2418.000",479,"trvalý trávny porast","0.0978"
"2470.000",479,"orná pôda","0.0014"
"2471.000",479,"orná pôda","0.0790"
"2484.000",479,"orná pôda","0.0005"
"2515.000",479,"trvalý trávny porast","0.0683"
"2516.000",479,"trvalý trávny porast","0.0971"
"2553.000",479,"orná pôda","0.0026"
"2554.000",479,"orná pôda","0.0238"
"2555.000",479,"orná pôda","0.0313"
"2556.000",479,"orná pôda","0.0210"
"2557.000",479,"orná pôda","0.0156"
"2558.000",479,"orná pôda","0.0145"
"2567.000",479,"trvalý trávny porast","0.1697"
"2568.000",479,"trvalý trávny porast","0.0064"
"2579.000",479,"trvalý trávny porast","0.0018"
"2595.000",479,"orná pôda","0.0272"
"2596.000",479,"orná pôda","0.0882"
"2597.000",479,"orná pôda","0.0460"
"2598.000",479,"orná pôda","0.0014"
"1078.000",479,"orná pôda","0.0013"
"1079.000",32,"orná pôda","0.0184"
"1110.004",42,"trvalý trávny porast","0.0023"
"1748.002",432,"orná pôda","0.0384"
"1385.014",42,"trvalý trávny porast","0.0003"
"1765.002",238,"trvalý trávny porast","0.0003"
"1765.002",238,"trvalý trávny porast","0.0006"
"1765.002",238,"trvalý trávny porast","0.0002"
"1752.000",238,"orná pôda","0.0287"
"1076.000",42,"orná pôda","0.0410"
"1337.015",32,"trvalý trávny porast","0.6053"
"1337.014",479,"trvalý trávny porast","0.4719"
"1611.002",32,"trvalý trávny porast","0.0204"
"1168.001",45,"trvalý trávny porast","0.0074"
"1167.000",479,"trvalý trávny porast","0.6277"
"1168.002",479,"trvalý trávny porast","0.0153"
"1306.001",32,"trvalý trávny porast","13.6031"
"1306.001",32,"trvalý trávny porast","0.3320"
"1423.001",34,"trvalý trávny porast","0.0144"
"1385.001",32,"trvalý trávny porast","11.2790"
"1385.012",435,"trvalý trávny porast","0.0025"
"1410.000",32,"trvalý trávny porast","0.4665"
"1413.001",432,"trvalý trávny porast","0.0012"
"1412.004",34,"trvalý trávny porast","0.0080"
"1414.001",42,"trvalý trávny porast","0.0141"
"1152.010",32,"trvalý trávny porast","0.0005"
"1152.011",32,"trvalý trávny porast","0.0080"
"1152.014",32,"trvalý trávny porast","0.0001"
"1593.014",42,"trvalý trávny porast","0.0000"
"1593.015",42,"trvalý trávny porast","0.0002"
"1593.013",42,"trvalý trávny porast","0.0000"
"1593.012",432,"trvalý trávny porast","0.0000"
"1593.012",432,"trvalý trávny porast","0.0034"
"1276.000",32,"trvalý trávny porast","0.0172"
"1592.001",34,"trvalý trávny porast","0.3334"
"1220.000",32,"trvalý trávny porast","11.4199"
"1220.000",32,"trvalý trávny porast","0.0355"
"1276.000",32,"trvalý trávny porast","1.7955"
"1469.000",34,"trvalý trávny porast","0.0470"
"1470.002",34,"trvalý trávny porast","0.6586"
"1476.000",34,"trvalý trávny porast","0.0243"
"1221.001",32,"trvalý trávny porast","0.3812"
"1484.002",34,"trvalý trávny porast","0.0006"
"1486.000",34,"trvalý trávny porast","0.0012"
"1486.000",34,"trvalý trávny porast","0.0065"
"1276.000",32,"trvalý trávny porast","9.5372"
"1468.002",34,"trvalý trávny porast","0.0002"
"1385.007",42,"trvalý trávny porast","0.0005"
"1600.000",32,"trvalý trávny porast","0.4299"
"1661.002",432,"trvalý trávny porast","0.0711"
"1667.000",432,"trvalý trávny porast","0.0303"
"1667.000",432,"trvalý trávny porast","0.0053"
"1474.000",34,"trvalý trávny porast","0.0081"
"1474.000",34,"trvalý trávny porast","0.1267"
"1669.000",432,"trvalý trávny porast","0.2296"
"1669.000",432,"trvalý trávny porast","0.0597"
"1684.001",34,"trvalý trávny porast","0.0132"
"1697.001",432,"trvalý trávny porast","0.0073"
"1385.002",435,"trvalý trávny porast","0.0004"
"1385.004",435,"trvalý trávny porast","0.0010"
"1385.008",435,"trvalý trávny porast","0.0007"
"1385.009",435,"trvalý trávny porast","0.0012"
"1385.010",435,"trvalý trávny porast","0.0010"
"1385.013",435,"trvalý trávny porast","0.0011"
"1226.001",32,"trvalý trávny porast","2.0463"
"1226.001",32,"trvalý trávny porast","0.1107"
"1748.010",45,"orná pôda","0.0099"
"1075.051",479,"orná pôda","0.0135"
"1075.050",479,"orná pôda","0.0676"
"1673.001",432,"trvalý trávny porast","0.2426"
"1086.187",432,"trvalý trávny porast","0.0057"
"1075.001",479,"orná pôda","47.6610"
"1075.001",479,"trvalý trávny porast","0.2507"
"1748.001",432,"orná pôda","0.0729"
"1075.048",479,"orná pôda","0.1748"
"1075.049",479,"orná pôda","0.1453"
"1248.000",32,"trvalý trávny porast","4.8956"
"1249.001",479,"trvalý trávny porast","0.5483"
"1247.001",32,"trvalý trávny porast","12.4108"
"1761.001",238,"trvalý trávny porast","0.0285"
"1761.001",238,"trvalý trávny porast","0.0001"
"1086.190",432,"trvalý trávny porast","0.0006"
"1356.005",32,"trvalý trávny porast","0.0211"
"1356.001",32,"trvalý trávny porast","0.2540"
"1356.001",32,"trvalý trávny porast","0.9604"
"1726.001",431,"trvalý trávny porast","0.0161"
"1183.001",479,"orná pôda","0.1521"
"1183.001",479,"trvalý trávny porast","0.1792"
"1183.001",479,"trvalý trávny porast","0.2719"
"1180.002",32,"trvalý trávny porast","0.0968"
"1185.000",479,"orná pôda","0.3452"
"1185.000",479,"trvalý trávny porast","0.1063"
"1185.000",479,"trvalý trávny porast","0.0557"
"1184.001",238,"trvalý trávny porast","0.0171"
"1184.001",238,"orná pôda","0.0150"
"1184.001",238,"trvalý trávny porast","0.0152"
"1184.001",238,"trvalý trávny porast","0.0681"
"1191.023",479,"trvalý trávny porast","0.0000"
"1173.008",32,"trvalý trávny porast","3.0081"
"1173.007",431,"trvalý trávny porast","0.0001"
"1388.000",431,"trvalý trávny porast","0.0606"
"1173.011",32,"trvalý trávny porast","0.0088"
"1173.010",32,"trvalý trávny porast","0.0622"
"1173.012",32,"trvalý trávny porast","0.0061"
"1381.023",435,"trvalý trávny porast","0.0002"
"1381.013",431,"trvalý trávny porast","0.0006"
"1381.014",431,"trvalý trávny porast","0.0007"
"1381.016",431,"trvalý trávny porast","0.0000"
"1381.017",431,"trvalý trávny porast","0.0008"
"1381.018",431,"trvalý trávny porast","0.0008"
"1381.019",431,"trvalý trávny porast","0.0007"
"1268.043",45,"trvalý trávny porast","0.0019"
"1092.058",479,"orná pôda","0.0014"
"1092.059",479,"orná pôda","0.0013"
"1092.060",479,"orná pôda","0.0001"
"1092.061",479,"orná pôda","0.0008"
"1091.145",432,"orná pôda","0.0002"
"1091.144",432,"orná pôda","0.0003"
"1091.134",432,"orná pôda","0.0009"
"1091.133",432,"orná pôda","0.0003"
"1091.132",432,"orná pôda","0.0001"
"1091.131",432,"orná pôda","0.0000"
"1338.011",42,"trvalý trávny porast","0.0002"
"1337.007",32,"trvalý trávny porast","0.0023"
"1338.012",42,"trvalý trávny porast","0.0000"
"1377.001",32,"orná pôda","0.0019"
"1387.005",431,"trvalý trávny porast","0.0008"
"1387.006",431,"trvalý trávny porast","0.0004"
"1106.003",432,"trvalý trávny porast","0.0014"
"1106.002",432,"trvalý trávny porast","0.0180"
"1104.002",432,"orná pôda","0.0011"
"1104.005",432,"orná pôda","0.0042"
"1104.006",432,"orná pôda","0.0073"
"1104.007",432,"orná pôda","0.0080"
"1104.008",432,"orná pôda","0.0045"
"1104.011",432,"orná pôda","0.0000"
"1104.009",432,"orná pôda","0.0031"
"1104.012",432,"orná pôda","0.0048"
"1104.013",432,"orná pôda","0.0032"
"1104.014",432,"orná pôda","0.0032"
"1104.015",432,"orná pôda","0.0028"
"1075.021",432,"orná pôda","0.0000"
"1075.022",432,"orná pôda","0.0003"
"1104.016",432,"orná pôda","0.0021"
"1104.017",432,"orná pôda","0.0010"
"1075.023",432,"orná pôda","0.0004"
"1075.024",432,"orná pôda","0.0005"
"1075.025",432,"orná pôda","0.0010"
"1104.020",432,"orná pôda","0.0001"
"1075.026",432,"orná pôda","0.0041"
"1075.027",432,"orná pôda","0.0044"
"1104.022",432,"orná pôda","0.0027"
"1104.023",432,"orná pôda","0.0005"
"1104.024",432,"orná pôda","0.0039"
"1075.029",432,"orná pôda","0.0004"
"1075.030",432,"orná pôda","0.0013"
"1104.025",432,"orná pôda","0.0000"
"1104.026",432,"orná pôda","0.0021"
"1103.002",432,"orná pôda","0.0008"
"1075.031",432,"orná pôda","0.0006"
"1075.032",432,"orná pôda","0.0013"
"1075.033",432,"orná pôda","0.0002"
"1075.034",432,"orná pôda","0.0007"
"1103.004",432,"orná pôda","0.0015"
"1075.035",432,"orná pôda","0.0014"
"1103.006",432,"orná pôda","0.0004"
"1103.005",432,"orná pôda","0.0026"
"1103.007",432,"orná pôda","0.0037"
"1075.036",432,"orná pôda","0.0011"
"1103.008",432,"orná pôda","0.0024"
"1103.009",432,"orná pôda","0.0018"
"1103.010",432,"orná pôda","0.0027"
"1075.038",432,"orná pôda","0.0000"
"1075.039",432,"orná pôda","0.0006"
"1103.011",432,"orná pôda","0.0029"
"1103.012",432,"orná pôda","0.0019"
"1103.013",432,"orná pôda","0.0022"
"1103.014",432,"orná pôda","0.0012"
"1103.015",432,"orná pôda","0.0012"
"1103.016",432,"orná pôda","0.0013"
"1103.017",432,"orná pôda","0.0011"
"1103.018",432,"orná pôda","0.0003"
"1106.001",32,"orná pôda","0.0124"
"1106.001",32,"trvalý trávny porast","48.2633"
"1378.012",431,"trvalý trávny porast","0.0004"
"1106.001",32,"trvalý trávny porast","0.4536"
"1104.001",32,"orná pôda","1.8535"
"1104.001",32,"trvalý trávny porast","4.1772"
"1103.001",479,"orná pôda","7.1151"
"1107.001",42,"trvalý trávny porast","0.0251"
"1378.004",431,"trvalý trávny porast","0.0001"
"1109.000",32,"trvalý trávny porast","0.2905"
"1750.000",432,"trvalý trávny porast","0.2380"
"1108.000",32,"trvalý trávny porast","0.0653"
"1271.000",32,"trvalý trávny porast","0.0421"
"1271.000",32,"trvalý trávny porast","1.6374"
"1681.001",432,"trvalý trávny porast","0.0974"
"1681.001",432,"trvalý trávny porast","0.0030"
"1253.032",435,"orná pôda","0.0361"
"1253.031",435,"orná pôda","0.0192"
"1253.030",435,"orná pôda","0.0134"
"1253.029",435,"orná pôda","0.0043"
"1253.005",32,"orná pôda","0.1251"
"1270.000",32,"trvalý trávny porast","0.0938"
"1367.010",431,"trvalý trávny porast","0.0001"
"1270.000",32,"trvalý trávny porast","0.2432"
"1269.000",32,"trvalý trávny porast","0.0173"
"1269.000",32,"trvalý trávny porast","2.2914"
"1683.000",432,"trvalý trávny porast","0.0399"
"1683.000",432,"trvalý trávny porast","0.0054"
"1682.000",432,"trvalý trávny porast","0.0262"
"1682.000",432,"trvalý trávny porast","0.0092"
"1672.000",432,"trvalý trávny porast","0.2600"
"1246.000",32,"trvalý trávny porast","24.5007"
"1375.001",479,"trvalý trávny porast","0.0209"
"1375.001",479,"trvalý trávny porast","2.7818"
"1367.012",431,"trvalý trávny porast","0.0001"
"1375.001",479,"trvalý trávny porast","1.1030"
"1375.001",479,"trvalý trávny porast","0.0528"
"1375.007",431,"trvalý trávny porast","0.0000"
"1380.000",42,"trvalý trávny porast","0.0001"
"1378.001",32,"orná pôda","1.0665"
"1741.000",432,"trvalý trávny porast","0.0413"
"1374.000",479,"trvalý trávny porast","1.2451"
"1374.000",479,"trvalý trávny porast","0.3112"
"1374.000",479,"trvalý trávny porast","0.9072"
"1379.001",32,"trvalý trávny porast","6.4857"
"1739.001",432,"trvalý trávny porast","0.0007"
"1378.001",32,"trvalý trávny porast","11.5451"
"1378.016",431,"trvalý trávny porast","0.0004"
"1378.009",431,"trvalý trávny porast","0.0001"
"1378.015",431,"trvalý trávny porast","0.0004"
"1378.010",431,"trvalý trávny porast","0.0001"
"1378.007",431,"trvalý trávny porast","0.0001"
"1378.014",431,"trvalý trávny porast","0.0005"
"1378.005",431,"trvalý trávny porast","0.0000"
"1378.013",431,"trvalý trávny porast","0.0005"
"1378.003",431,"trvalý trávny porast","0.0000"
"1739.001",432,"trvalý trávny porast","0.2966"
"1739.001",432,"trvalý trávny porast","0.0522"
"1373.000",32,"trvalý trávny porast","1.5713"
"1373.000",32,"trvalý trávny porast","0.0654"
"1373.000",32,"trvalý trávny porast","0.0134"
"1365.000",42,"trvalý trávny porast","0.0052"
"1365.000",42,"trvalý trávny porast","0.0000"
"1365.000",42,"trvalý trávny porast","0.0001"
"1372.000",32,"trvalý trávny porast","0.0149"
"1372.000",32,"trvalý trávny porast","0.1147"
"1367.006",431,"trvalý trávny porast","0.0000"
"1367.009",431,"trvalý trávny porast","0.0001"
"1372.000",32,"trvalý trávny porast","0.8066"
"1372.000",32,"trvalý trávny porast","0.0024"
"1740.000",432,"trvalý trávny porast","0.0308"
"1740.000",432,"trvalý trávny porast","0.0216"
"1371.000",32,"trvalý trávny porast","0.0457"
"1370.000",32,"trvalý trávny porast","1.8559"
"1370.000",32,"trvalý trávny porast","0.2340"
"1369.000",32,"trvalý trávny porast","0.4397"
"1369.000",32,"trvalý trávny porast","0.1683"
"1367.002",32,"trvalý trávny porast","0.9504"
"1367.005",431,"trvalý trávny porast","0.0001"
"1367.008",431,"trvalý trávny porast","0.0001"
"1367.007",431,"trvalý trávny porast","0.0001"
"1367.001",32,"trvalý trávny porast","16.0946"
"1367.001",32,"trvalý trávny porast","2.5748"
"1366.000",32,"trvalý trávny porast","0.0469"
"1367.004",431,"trvalý trávny porast","0.0000"
"1367.003",431,"trvalý trávny porast","0.0001"
"1367.011",431,"trvalý trávny porast","0.0001"
"1367.014",431,"trvalý trávny porast","0.0001"
"1367.013",431,"trvalý trávny porast","0.0001"
"1367.016",431,"trvalý trávny porast","0.0000"
"1367.015",431,"trvalý trávny porast","0.0000"
"1367.017",431,"trvalý trávny porast","0.0004"
"1182.003",431,"trvalý trávny porast","0.0313"
"1181.000",45,"trvalý trávny porast","0.0899"
"1182.002",431,"trvalý trávny porast","0.1885"
"1338.002",42,"trvalý trávny porast","0.0055"
"1092.027",479,"orná pôda","0.0000"
"1092.004",431,"orná pôda","0.0541"
"1092.003",431,"orná pôda","0.0439"
"1092.005",431,"orná pôda","0.0485"
"1150.000",32,"trvalý trávny porast","2.1972"
"1151.000",34,"trvalý trávny porast","0.0056"
"1149.000",32,"trvalý trávny porast","3.1992"
"1223.000",32,"trvalý trávny porast","1.0751"
"1391.000",32,"trvalý trávny porast","12.6850"
"1300.000",479,"trvalý trávny porast","9.6605"
"1112.000",32,"trvalý trávny porast","35.0243"
"1660.000",432,"trvalý trávny porast","0.0266"
"1660.000",432,"trvalý trávny porast","0.0175"
"1389.000",32,"trvalý trávny porast","0.0002"
"1700.000",432,"trvalý trávny porast","0.0482"
"1390.000",32,"trvalý trávny porast","1.0426"
"1392.000",42,"trvalý trávny porast","0.0993"
"1393.000",32,"trvalý trávny porast","5.2584"
"1734.000",432,"trvalý trávny porast","0.0167"
"1394.000",32,"trvalý trávny porast","3.0722"
"1700.000",432,"trvalý trávny porast","0.3443"
"1299.000",42,"trvalý trávny porast","0.0025"
"1352.000",32,"trvalý trávny porast","2.8723"
"1279.000",34,"trvalý trávny porast","0.0197"
"1352.000",32,"trvalý trávny porast","6.9495"
"1389.000",32,"trvalý trávny porast","0.3493"
"1389.000",32,"trvalý trávny porast","0.0414"
"1312.000",32,"trvalý trávny porast","0.9134"
"1311.000",32,"trvalý trávny porast","0.4596"
"1348.000",42,"trvalý trávny porast","0.0565"
"1279.000",34,"trvalý trávny porast","0.0666"
"1278.000",34,"trvalý trávny porast","0.1046"
"1311.000",32,"trvalý trávny porast","13.2571"
"1347.000",32,"trvalý trávny porast","7.7199"
"1347.000",32,"trvalý trávny porast","0.2696"
"1278.000",34,"trvalý trávny porast","0.0214"
"1349.000",32,"trvalý trávny porast","10.7798"
"1395.000",42,"trvalý trávny porast","0.0018"
"1395.000",42,"trvalý trávny porast","0.0005"
"1396.000",32,"trvalý trávny porast","3.7337"
"1396.000",32,"trvalý trávny porast","5.3572"
"1670.000",432,"trvalý trávny porast","0.0180"
"1310.000",32,"trvalý trávny porast","17.7472"
"1310.000",32,"trvalý trávny porast","0.3286"
"1399.001",42,"trvalý trávny porast","0.0017"
"1398.000",32,"trvalý trávny porast","19.2181"
"1398.000",32,"trvalý trávny porast","0.1881"
"1400.000",42,"trvalý trávny porast","0.0694"
"1670.000",432,"trvalý trávny porast","0.0071"
"1405.000",32,"trvalý trávny porast","3.7730"
"1406.000",42,"trvalý trávny porast","0.0108"
"1408.000",32,"trvalý trávny porast","0.0405"
"1408.000",32,"trvalý trávny porast","0.1370"
"1408.000",32,"trvalý trávny porast","0.1933"
"1407.000",42,"trvalý trávny porast","0.4513"
"1304.000",32,"trvalý trávny porast","0.4104"
"1760.000",238,"trvalý trávny porast","0.0001"
"1760.000",238,"trvalý trávny porast","0.0000"
"1295.000",32,"trvalý trávny porast","21.7948"
"1409.000",32,"trvalý trávny porast","8.0453"
"1756.001",432,"trvalý trávny porast","0.0481"
"1717.000",432,"trvalý trávny porast","0.1484"
"1718.000",432,"trvalý trávny porast","0.0557"
"1718.000",432,"trvalý trávny porast","0.0008"
"1397.000",32,"trvalý trávny porast","0.2435"
"1721.002",432,"trvalý trávny porast","0.0003"
"1721.002",432,"trvalý trávny porast","0.0205"
"1731.000",432,"trvalý trávny porast","0.2211"
"1350.000",32,"trvalý trávny porast","0.0009"
"1351.000",32,"trvalý trávny porast","2.2553"
"1315.000",479,"trvalý trávny porast","1.2934"
"1719.000",432,"trvalý trávny porast","0.5180"
"1719.000",432,"trvalý trávny porast","0.0149"
"1719.000",432,"trvalý trávny porast","0.2128"
"1309.000",32,"trvalý trávny porast","1.1030"
"1755.000",238,"trvalý trávny porast","0.0008"
"1755.000",238,"trvalý trávny porast","0.0005"
"1303.000",32,"trvalý trávny porast","0.0001"
"1295.000",32,"trvalý trávny porast","0.0143"
"1296.000",32,"trvalý trávny porast","0.0003"
"1243.000",34,"trvalý trávny porast","0.0584"
"1303.000",32,"trvalý trávny porast","7.4733"
"1302.000",32,"trvalý trávny porast","0.0246"
"1302.000",32,"trvalý trávny porast","0.0591"
"1316.000",32,"trvalý trávny porast","0.4499"
"1699.000",432,"trvalý trávny porast","0.0176"
"1702.000",432,"trvalý trávny porast","0.0435"
"1703.000",432,"trvalý trávny porast","0.0493"
"1296.000",32,"trvalý trávny porast","2.9138"
"1301.000",32,"trvalý trávny porast","5.3794"
"1301.000",32,"trvalý trávny porast","0.0001"
"1355.000",32,"trvalý trávny porast","0.5274"
"1275.000",32,"trvalý trávny porast","6.1247"
"1275.000",32,"trvalý trávny porast","0.6389"
"1275.000",32,"trvalý trávny porast","0.0000"
"1275.000",32,"trvalý trávny porast","1.0195"
"1273.000",32,"trvalý trávny porast","0.0012"
"1273.000",32,"trvalý trávny porast","0.4015"
"1670.000",432,"trvalý trávny porast","0.0347"
"1243.000",34,"trvalý trávny porast","0.0517"
"1242.000",32,"trvalý trávny porast","1.2948"
"1245.000",32,"trvalý trávny porast","4.8332"
"1763.000",238,"trvalý trávny porast","0.0506"
"1763.000",238,"trvalý trávny porast","0.0196"
"1763.000",238,"trvalý trávny porast","0.0030"
"1345.000",32,"trvalý trávny porast","0.0225"
"1346.000",32,"trvalý trávny porast","13.3144"
"1346.000",32,"trvalý trávny porast","0.8688"
"1358.000",32,"trvalý trávny porast","0.0035"
"1346.000",32,"trvalý trávny porast","0.1828"
"1353.000",32,"trvalý trávny porast","0.0447"
"1353.000",32,"trvalý trávny porast","0.0025"
"1354.000",42,"trvalý trávny porast","0.0430"
"1358.000",32,"trvalý trávny porast","0.0052"
"1359.000",42,"trvalý trávny porast","0.0014"
"1360.000",32,"trvalý trávny porast","0.1818"
"1363.000",32,"trvalý trávny porast","0.3963"
"1736.000",432,"trvalý trávny porast","0.1733"
"1736.000",432,"trvalý trávny porast","0.0284"
"1736.000",432,"trvalý trávny porast","0.0344"
"1355.000",32,"trvalý trávny porast","11.1066"
"1355.000",32,"trvalý trávny porast","0.0049"
"1725.000",432,"trvalý trávny porast","0.0191"
"1735.000",432,"trvalý trávny porast","0.0733"
"1735.000",432,"trvalý trávny porast","0.0294"
"1737.000",432,"trvalý trávny porast","0.0725"
"1361.000",32,"trvalý trávny porast","7.8368"
"1361.000",32,"trvalý trávny porast","0.4214"
"1381.021",431,"trvalý trávny porast","0.0007"
"1381.020",431,"trvalý trávny porast","0.0007"
"1382.000",42,"trvalý trávny porast","0.0722"
"1331.000",32,"trvalý trávny porast","0.0293"
"1383.001",32,"trvalý trávny porast","3.9169"
"1364.000",32,"trvalý trávny porast","0.1135"
"1364.000",32,"trvalý trávny porast","2.5900"
"1738.000",432,"trvalý trávny porast","0.0762"
"1738.000",432,"trvalý trávny porast","0.2341"
"1738.000",432,"trvalý trávny porast","0.0661"
"1293.001",42,"trvalý trávny porast","0.0707"
"1293.001",42,"trvalý trávny porast","0.0001"
"1330.000",32,"trvalý trávny porast","0.3562"
"1292.000",32,"trvalý trávny porast","4.5055"
"1292.000",32,"trvalý trávny porast","0.0652"
"1724.000",432,"trvalý trávny porast","0.2177"
"1294.000",32,"trvalý trávny porast","0.1577"
"1294.000",32,"orná pôda","0.2854"
"1759.000",238,"trvalý trávny porast","0.0126"
"1759.000",238,"trvalý trávny porast","0.0018"
"1297.000",479,"trvalý trávny porast","6.8449"
"1298.000",32,"trvalý trávny porast","0.1358"
"1321.000",479,"trvalý trávny porast","0.4696"
"1073.000",32,"orná pôda","0.0574"
"1320.000",32,"trvalý trávny porast","0.2770"
"1322.000",479,"trvalý trávny porast","1.2311"
"1324.000",32,"trvalý trávny porast","7.7706"
"1325.000",42,"trvalý trávny porast","0.0616"
"1073.000",32,"orná pôda","0.0008"
"1326.000",32,"trvalý trávny porast","8.7078"
"1327.000",32,"trvalý trávny porast","0.5779"
"1329.000",32,"trvalý trávny porast","0.0542"
"1730.000",432,"trvalý trávny porast","0.0008"
"1336.000",479,"trvalý trávny porast","4.7961"
"1729.000",432,"trvalý trávny porast","0.0431"
"1384.000",42,"trvalý trávny porast","0.0201"
"1383.003",42,"trvalý trávny porast","0.5069"
"1381.011",32,"trvalý trávny porast","0.0216"
"1383.002",42,"trvalý trávny porast","0.1544"
"1074.000",32,"orná pôda","2.3581"
"1074.000",32,"orná pôda","0.0709"
"1317.000",32,"trvalý trávny porast","28.9583"
"1189.001",32,"trvalý trávny porast","0.2122"
"1189.004",32,"trvalý trávny porast","0.0103"
"1189.005",32,"trvalý trávny porast","0.2095"
"1174.011",431,"trvalý trávny porast","0.2927"
"1317.000",32,"trvalý trávny porast","22.6817"
"1317.000",32,"trvalý trávny porast","0.0258"
"1318.000",42,"trvalý trávny porast","0.3495"
"1319.000",42,"trvalý trávny porast","0.1141"
"1733.000",432,"trvalý trávny porast","0.2052"
"1733.000",432,"trvalý trávny porast","0.0128"
"1733.000",432,"trvalý trávny porast","0.0013"
"1733.000",432,"trvalý trávny porast","0.1406"
"1733.000",432,"trvalý trávny porast","0.1744"
"1335.000",479,"trvalý trávny porast","0.0031"
"1335.000",479,"trvalý trávny porast","3.1507"
"1742.001",432,"trvalý trávny porast","0.0022"
"1272.000",32,"trvalý trávny porast","2.1194"
"1272.000",32,"trvalý trávny porast","0.0138"
"1671.000",432,"trvalý trávny porast","0.0514"
"1671.000",432,"trvalý trávny porast","0.0950"
"1191.024",479,"trvalý trávny porast","0.0722"
"1169.002",479,"trvalý trávny porast","0.0080"
"1169.002",479,"orná pôda","0.0758"
"1172.000",432,"trvalý trávny porast","0.0006"
"1105.000",42,"trvalý trávny porast","0.0127"
"1165.002",32,"trvalý trávny porast","0.0022"
"1165.014",42,"trvalý trávny porast","0.0011"
"1174.002",431,"trvalý trávny porast","0.3377"
"1164.000",34,"trvalý trávny porast","0.0040"
"1092.025",479,"orná pôda","0.0120"
"1092.024",479,"orná pôda","0.1337"
"354.000",30,"orná pôda","0.0001"
"1188.016",32,"trvalý trávny porast","0.1415"
"1334.001",32,"trvalý trávny porast","3.2620"
"1727.001",431,"trvalý trávny porast","0.0448"
"1289.001",32,"trvalý trávny porast","1.5611"
"1758.000",238,"trvalý trávny porast","0.0148"
"1758.000",238,"trvalý trávny porast","0.0007"
"2015.000",432,"trvalý trávny porast","0.0006"
"2015.000",432,"orná pôda","0.0095"
"2019.000",432,"trvalý trávny porast","0.0041"
"1475.001",34,"trvalý trávny porast","0.0131"
"1475.001",34,"trvalý trávny porast","0.0177"
"2485.003",435,"orná pôda","0.0017"
"2485.002",435,"orná pôda","0.0377"
"2485.001",479,"orná pôda","0.0463"
"2311.001",431,"orná pôda","0.0013"
